chunk,reservoirs,water bodies,reservoir coordinates,,,,,water body coordinates,,,
0,0,0,,,,,,,,,
1,1,0,[134.392 134.706 143.498 147.58 ],,,,,,,,
2,0,0,,,,,,,,,
3,0,0,,,,,,,,,
4,0,1,,,,,,[73.79  69.08  92.316 84.152],,,
5,0,0,,,,,,,,,
6,0,0,,,,,,,,,
7,0,0,,,,,,,,,
8,0,0,,,,,,,,,
9,0,0,,,,,,,,,
10,0,0,,,,,,,,,
11,0,0,,,,,,,,,
12,0,3,,,,,,[106.76    5.652 122.46   17.584],[71.906  1.57  78.814 10.362],[ 92.63    0.628 102.678   6.28 ],
13,1,1,[ 96.398  90.746 102.364 101.422],,,,,[ 99.224 112.098 116.808 126.856],,,
14,0,1,,,,,,[ 71.278 144.44   84.78  151.348],,,
15,0,1,,,,,,[  0.   0. 157. 157.],,,
16,0,1,,,,,,[  0.   0. 157. 157.],,,
17,0,1,,,,,,[  0.   0. 157. 157.],,,
18,0,1,,,,,,[  0.   0. 157. 157.],,,
19,0,1,,,,,,[  0.   0. 157. 157.],,,
20,0,1,,,,,,[  0.   0. 157. 157.],,,
21,0,1,,,,,,[  0.   0. 157. 157.],,,
22,0,1,,,,,,[  0.   0. 157. 157.],,,
23,0,1,,,,,,[  0.   0. 157. 157.],,,
24,0,1,,,,,,[  0.   0. 157. 157.],,,
25,0,1,,,,,,[  0.   0. 157. 157.],,,
26,0,1,,,,,,[  0.   0. 157. 157.],,,
27,0,1,,,,,,[  0.   0. 157. 157.],,,
28,0,1,,,,,,[  0.   0. 157. 157.],,,
29,0,1,,,,,,[  0.   0. 157. 157.],,,
30,0,1,,,,,,[  0.   0. 157. 157.],,,
31,0,1,,,,,,[  0.   0. 157. 157.],,,
32,0,1,,,,,,[  0.   0. 157. 157.],,,
33,0,1,,,,,,[  0.   0. 157. 157.],,,
34,0,1,,,,,,[  0.   0. 157. 157.],,,
35,0,1,,,,,,[  0.   0. 157. 157.],,,
36,0,1,,,,,,[  0.   0. 157. 157.],,,
37,0,1,,,,,,[  0.   0. 157. 157.],,,
38,0,1,,,,,,[  0.   0. 157. 157.],,,
39,0,1,,,,,,[  0.   0. 157. 157.],,,
40,0,1,,,,,,[  0.   0. 157. 157.],,,
41,0,1,,,,,,[  0.   0. 157. 157.],,,
42,0,1,,,,,,[  0.   0. 157. 157.],,,
43,0,1,,,,,,[  0.   0. 157. 157.],,,
44,0,1,,,,,,[  0.   0. 157. 157.],,,
45,0,1,,,,,,[  0.   0. 157. 157.],,,
46,0,1,,,,,,[  0.   0. 157. 157.],,,
47,0,1,,,,,,[  0.   0. 157. 157.],,,
48,0,1,,,,,,[  0.   0. 157. 157.],,,
49,0,1,,,,,,[  0.   0. 157. 157.],,,
50,0,1,,,,,,[  0.   0. 157. 157.],,,
51,0,1,,,,,,[  0.   0. 157. 157.],,,
52,0,1,,,,,,[  0.   0. 157. 157.],,,
53,0,1,,,,,,[  0.   0. 157. 157.],,,
54,0,1,,,,,,[  0.   0. 157. 157.],,,
55,0,1,,,,,,[  0.   0. 157. 157.],,,
56,0,1,,,,,,[  0.   0. 157. 157.],,,
57,0,1,,,,,,[  0.   0. 157. 157.],,,
58,0,1,,,,,,[  0.   0. 157. 157.],,,
59,0,1,,,,,,[  0.   0. 157. 157.],,,
60,0,1,,,,,,[  0.   0. 157. 157.],,,
61,0,1,,,,,,[  0.   0. 157. 157.],,,
62,0,1,,,,,,[  0.   0. 157. 157.],,,
63,0,1,,,,,,[  0.   0. 157. 157.],,,
64,0,1,,,,,,[  0.   0. 157. 157.],,,
65,0,1,,,,,,[  0.   0. 157. 157.],,,
66,0,1,,,,,,[  0.   0. 157. 157.],,,
67,0,1,,,,,,[  0.   0. 157. 157.],,,
68,0,1,,,,,,[  0.   0. 157. 157.],,,
69,0,1,,,,,,[  0.   0. 157. 157.],,,
70,0,0,,,,,,,,,
71,2,0,[ 61.858 122.774  69.394 130.938],[ 49.926 132.822  65.312 141.928],,,,,,,
72,1,0,[ 60.602  92.316  72.22  103.62 ],,,,,,,,
73,0,1,,,,,,[128.112  43.332 138.474  55.892],,,
74,0,0,,,,,,,,,
75,0,1,,,,,,[57.148 81.012 63.428 87.92 ],,,
76,0,0,,,,,,,,,
77,0,0,,,,,,,,,
78,0,1,,,,,,[79.756 48.67  84.78  55.892],,,
79,0,0,,,,,,,,,
80,0,0,,,,,,,,,
81,0,0,,,,,,,,,
82,0,3,,,,,,[76.616 44.588 87.92  55.578],[125.6    55.892 129.368  63.114],[146.01   99.224 149.778 103.306],
83,0,0,,,,,,,,,
84,0,1,,,,,,[26.69  40.192 31.714 46.786],,,
85,0,1,,,,,,[  0.   0. 157. 157.],,,
86,0,1,,,,,,[  0.   0. 157. 157.],,,
87,0,1,,,,,,[  0.   0. 157. 157.],,,
88,0,1,,,,,,[  0.   0. 157. 157.],,,
89,0,1,,,,,,[  0.   0. 157. 157.],,,
90,0,1,,,,,,[  0.   0. 157. 157.],,,
91,0,1,,,,,,[  0.   0. 157. 157.],,,
92,0,1,,,,,,[  0.   0. 157. 157.],,,
93,0,1,,,,,,[  0.   0. 157. 157.],,,
94,0,1,,,,,,[  0.   0. 157. 157.],,,
95,0,1,,,,,,[  0.   0. 157. 157.],,,
96,0,1,,,,,,[  0.   0. 157. 157.],,,
97,0,1,,,,,,[  0.   0. 157. 157.],,,
98,0,1,,,,,,[  0.   0. 157. 157.],,,
99,0,1,,,,,,[  0.   0. 157. 157.],,,
100,0,1,,,,,,[  0.   0. 157. 157.],,,
101,0,1,,,,,,[  0.   0. 157. 157.],,,
102,0,1,,,,,,[  0.   0. 157. 157.],,,
103,0,1,,,,,,[  0.   0. 157. 157.],,,
104,0,1,,,,,,[  0.   0. 157. 157.],,,
105,0,1,,,,,,[  0.   0. 157. 157.],,,
106,0,1,,,,,,[  0.   0. 157. 157.],,,
107,0,1,,,,,,[  0.   0. 157. 157.],,,
108,0,1,,,,,,[  0.   0. 157. 157.],,,
109,0,1,,,,,,[  0.   0. 157. 157.],,,
110,0,1,,,,,,[  0.   0. 157. 157.],,,
111,0,1,,,,,,[  0.   0. 157. 157.],,,
112,0,1,,,,,,[  0.   0. 157. 157.],,,
113,0,1,,,,,,[  0.   0. 157. 157.],,,
114,0,1,,,,,,[  0.   0. 157. 157.],,,
115,0,1,,,,,,[  0.   0. 157. 157.],,,
116,0,1,,,,,,[  0.   0. 157. 157.],,,
117,0,1,,,,,,[  0.   0. 157. 157.],,,
118,0,1,,,,,,[  0.   0. 157. 157.],,,
119,0,1,,,,,,[  0.   0. 157. 157.],,,
120,0,1,,,,,,[  0.   0. 157. 157.],,,
121,0,1,,,,,,[  0.   0. 157. 157.],,,
122,0,1,,,,,,[  0.   0. 157. 157.],,,
123,0,1,,,,,,[  0.   0. 157. 157.],,,
124,0,1,,,,,,[  0.   0. 157. 157.],,,
125,0,1,,,,,,[  0.   0. 157. 157.],,,
126,0,1,,,,,,[  0.   0. 157. 157.],,,
127,0,1,,,,,,[  0.   0. 157. 157.],,,
128,0,1,,,,,,[  0.   0. 157. 157.],,,
129,0,1,,,,,,[  0.   0. 157. 157.],,,
130,0,1,,,,,,[  0.   0. 157. 157.],,,
131,0,1,,,,,,[  0.   0. 157. 157.],,,
132,0,1,,,,,,[  0.   0. 157. 157.],,,
133,0,1,,,,,,[  0.   0. 157. 157.],,,
134,0,1,,,,,,[  0.   0. 157. 157.],,,
135,0,1,,,,,,[  0.   0. 157. 157.],,,
136,0,1,,,,,,[  0.   0. 157. 157.],,,
137,0,1,,,,,,[  0.   0. 157. 157.],,,
138,0,1,,,,,,[  0.   0. 157. 157.],,,
139,0,1,,,,,,[  0.   0. 157. 157.],,,
140,0,0,,,,,,,,,
141,0,2,,,,,,[64.37   9.42  75.046 21.352],[ 4.396 26.69  15.386 35.796],,
142,0,0,,,,,,,,,
143,0,2,,,,,,[122.774  75.36  135.648  85.408],[141.928  66.254 149.778  72.534],,
144,0,0,,,,,,,,,
145,0,0,,,,,,,,,
146,0,1,,,,,,[144.126  23.55  150.72   35.168],,,
147,0,0,,,,,,,,,
148,0,3,,,,,,[13.816 52.752 19.154 60.916],[ 94.514  60.602 102.05   65.312],[103.306  59.66  110.528  67.196],
149,1,0,[ 67.196 123.716  77.558 129.054],,,,,,,,
150,2,2,[141.928 100.166 149.464 106.132],[150.72   97.026 157.    105.19 ],,,,[111.47  105.818 121.518 110.528],[112.412 112.726 120.89  118.064],,
151,1,0,[ 23.55  148.208  32.656 157.   ],,,,,,,,
152,0,0,,,,,,,,,
153,0,3,,,,,,[39.878 20.724 43.96  36.11 ],[34.854 48.67  41.762 64.998],[18.212 68.138 28.26  74.418],
154,0,0,,,,,,,,,
155,0,1,,,,,,[  0.   0. 157. 157.],,,
156,0,1,,,,,,[  0.   0. 157. 157.],,,
157,0,1,,,,,,[  0.   0. 157. 157.],,,
158,0,1,,,,,,[  0.   0. 157. 157.],,,
159,0,1,,,,,,[  0.   0. 157. 157.],,,
160,0,1,,,,,,[  0.   0. 157. 157.],,,
161,0,1,,,,,,[  0.   0. 157. 157.],,,
162,0,1,,,,,,[  0.   0. 157. 157.],,,
163,0,1,,,,,,[  0.   0. 157. 157.],,,
164,0,1,,,,,,[  0.   0. 157. 157.],,,
165,0,1,,,,,,[  0.   0. 157. 157.],,,
166,0,1,,,,,,[  0.   0. 157. 157.],,,
167,0,1,,,,,,[  0.   0. 157. 157.],,,
168,0,1,,,,,,[  0.   0. 157. 157.],,,
169,0,1,,,,,,[  0.   0. 157. 157.],,,
170,0,1,,,,,,[  0.   0. 157. 157.],,,
171,0,1,,,,,,[  0.   0. 157. 157.],,,
172,0,1,,,,,,[  0.   0. 157. 157.],,,
173,0,1,,,,,,[  0.   0. 157. 157.],,,
174,0,1,,,,,,[  0.   0. 157. 157.],,,
175,0,1,,,,,,[  0.   0. 157. 157.],,,
176,0,1,,,,,,[  0.   0. 157. 157.],,,
177,0,1,,,,,,[  0.   0. 157. 157.],,,
178,0,1,,,,,,[  0.   0. 157. 157.],,,
179,0,1,,,,,,[  0.   0. 157. 157.],,,
180,0,1,,,,,,[  0.   0. 157. 157.],,,
181,0,1,,,,,,[  0.   0. 157. 157.],,,
182,0,1,,,,,,[  0.   0. 157. 157.],,,
183,0,1,,,,,,[  0.   0. 157. 157.],,,
184,0,1,,,,,,[  0.   0. 157. 157.],,,
185,0,1,,,,,,[  0.   0. 157. 157.],,,
186,0,1,,,,,,[  0.   0. 157. 157.],,,
187,0,1,,,,,,[  0.   0. 157. 157.],,,
188,0,1,,,,,,[  0.   0. 157. 157.],,,
189,0,1,,,,,,[  0.   0. 157. 157.],,,
190,0,1,,,,,,[  0.   0. 157. 157.],,,
191,0,1,,,,,,[  0.   0. 157. 157.],,,
192,0,1,,,,,,[  0.   0. 157. 157.],,,
193,0,1,,,,,,[  0.   0. 157. 157.],,,
194,0,1,,,,,,[  0.   0. 157. 157.],,,
195,0,1,,,,,,[  0.   0. 157. 157.],,,
196,0,1,,,,,,[  0.   0. 157. 157.],,,
197,0,1,,,,,,[  0.   0. 157. 157.],,,
198,0,1,,,,,,[  0.   0. 157. 157.],,,
199,0,1,,,,,,[  0.   0. 157. 157.],,,
200,0,1,,,,,,[  0.   0. 157. 157.],,,
201,0,1,,,,,,[  0.   0. 157. 157.],,,
202,0,1,,,,,,[  0.   0. 157. 157.],,,
203,0,1,,,,,,[  0.   0. 157. 157.],,,
204,0,1,,,,,,[  0.   0. 157. 157.],,,
205,0,1,,,,,,[  0.   0. 157. 157.],,,
206,0,1,,,,,,[  0.   0. 157. 157.],,,
207,0,1,,,,,,[  0.   0. 157. 157.],,,
208,0,1,,,,,,[  0.   0. 157. 157.],,,
209,0,1,,,,,,[  0.   0. 157. 157.],,,
210,0,0,,,,,,,,,
211,1,2,[70.022 53.066 78.186 62.8  ],,,,,[25.434 80.698 32.342 88.234],[81.326 57.462 88.548 62.8  ],,
212,0,1,,,,,,[58.718 12.874 67.196 23.236],,,
213,2,1,[29.83  74.732 40.82  83.838],[ 92.316 136.904 105.19  151.348],,,,[31.714 50.868 42.39  64.998],,,
214,0,0,,,,,,,,,
215,0,0,,,,,,,,,
216,0,1,,,,,,[ 75.046 142.242  81.326 147.58 ],,,
217,0,0,,,,,,,,,
218,0,1,,,,,,[48.67  88.234 54.322 97.968],,,
219,1,1,[86.036 23.55  99.852 28.574],,,,,[124.658  99.538 132.194 108.016],,,
220,3,4,[39.878 10.676 47.414 14.444],[130.624  91.688 137.846  96.084],[ 60.602 152.918  70.022 157.   ],,,[25.12  10.676 37.994 20.096],[23.864 17.898 33.912 23.864],[23.864 27.318 29.516 31.4  ],[48.042 29.202 55.892 35.482]
221,1,2,[76.302 93.886 81.954 99.224],,,,,[10.676 31.714 12.56  38.622],[19.468 28.26  29.516 34.226],,
222,0,0,,,,,,,,,
223,1,2,[151.034  89.176 157.     95.142],,,,,[ 59.66  120.262  79.128 130.624],[ 64.998 110.842  77.558 118.692],,
224,0,2,,,,,,[13.502 18.84  30.144 43.332],[ 0.    11.304 13.816 42.39 ],,
225,0,1,,,,,,[  0.   0. 157. 157.],,,
226,0,1,,,,,,[  0.   0. 157. 157.],,,
227,0,1,,,,,,[  0.   0. 157. 157.],,,
228,0,1,,,,,,[  0.   0. 157. 157.],,,
229,0,1,,,,,,[  0.   0. 157. 157.],,,
230,0,1,,,,,,[  0.   0. 157. 157.],,,
231,0,1,,,,,,[  0.   0. 157. 157.],,,
232,0,1,,,,,,[  0.   0. 157. 157.],,,
233,0,1,,,,,,[  0.   0. 157. 157.],,,
234,0,1,,,,,,[  0.   0. 157. 157.],,,
235,0,1,,,,,,[  0.   0. 157. 157.],,,
236,0,1,,,,,,[  0.   0. 157. 157.],,,
237,0,1,,,,,,[  0.   0. 157. 157.],,,
238,0,1,,,,,,[  0.   0. 157. 157.],,,
239,0,1,,,,,,[  0.   0. 157. 157.],,,
240,0,1,,,,,,[  0.   0. 157. 157.],,,
241,0,1,,,,,,[  0.   0. 157. 157.],,,
242,0,1,,,,,,[  0.   0. 157. 157.],,,
243,0,1,,,,,,[  0.   0. 157. 157.],,,
244,0,1,,,,,,[  0.   0. 157. 157.],,,
245,0,1,,,,,,[  0.   0. 157. 157.],,,
246,0,1,,,,,,[  0.   0. 157. 157.],,,
247,0,1,,,,,,[  0.   0. 157. 157.],,,
248,0,1,,,,,,[  0.   0. 157. 157.],,,
249,0,1,,,,,,[  0.   0. 157. 157.],,,
250,0,1,,,,,,[  0.   0. 157. 157.],,,
251,0,1,,,,,,[  0.   0. 157. 157.],,,
252,0,1,,,,,,[  0.   0. 157. 157.],,,
253,0,1,,,,,,[  0.   0. 157. 157.],,,
254,0,1,,,,,,[  0.   0. 157. 157.],,,
255,0,1,,,,,,[  0.   0. 157. 157.],,,
256,0,1,,,,,,[  0.   0. 157. 157.],,,
257,0,1,,,,,,[  0.   0. 157. 157.],,,
258,0,1,,,,,,[  0.   0. 157. 157.],,,
259,0,1,,,,,,[  0.   0. 157. 157.],,,
260,0,1,,,,,,[  0.   0. 157. 157.],,,
261,0,1,,,,,,[  0.   0. 157. 157.],,,
262,0,1,,,,,,[  0.   0. 157. 157.],,,
263,0,1,,,,,,[  0.   0. 157. 157.],,,
264,0,1,,,,,,[  0.   0. 157. 157.],,,
265,0,1,,,,,,[  0.   0. 157. 157.],,,
266,0,1,,,,,,[  0.   0. 157. 157.],,,
267,0,1,,,,,,[  0.   0. 157. 157.],,,
268,0,1,,,,,,[  0.   0. 157. 157.],,,
269,0,1,,,,,,[  0.   0. 157. 157.],,,
270,0,1,,,,,,[  0.   0. 157. 157.],,,
271,0,1,,,,,,[  0.   0. 157. 157.],,,
272,0,1,,,,,,,,,
273,0,1,,,,,,,,,
274,0,1,,,,,,,,,
275,0,1,,,,,,,,,
276,0,1,,,,,,,,,
277,0,1,,,,,,,,,
278,0,1,,,,,,,,,
279,0,1,,,,,,,,,
280,1,1,[127.17   68.138 143.184  84.152],,,,,,,,
281,1,1,[122.146 111.156 130.938 123.402],,,,,,,,
282,0,1,,,,,,,,,
283,0,1,,,,,,,,,
284,0,1,,,,,,,,,
285,0,1,,,,,,,,,
286,0,1,,,,,,,,,
287,0,1,,,,,,,,,
288,2,1,[ 55.578 138.16   65.94  145.382],,,,,,,,
289,3,1,[ 90.432  64.998 100.48   75.046],[54.95  48.042 63.428 56.52 ],,,,,,,
290,2,1,[104.876 120.89  116.18  134.706],,,,,,,,
291,0,1,,,,,,,,,
292,1,1,[ 81.326  95.456  98.596 106.446],,,,,,,,
293,0,1,,,,,,,,,
294,0,1,,,,,,,,,
295,0,1,,,,,,,,,
296,0,1,,,,,,,,,
297,0,1,,,,,,,,,
298,0,1,,,,,,,,,
299,0,1,,,,,,,,,
300,0,1,,,,,,,,,
301,0,1,,,,,,,,,
302,0,1,,,,,,,,,
303,0,1,,,,,,,,,
304,0,1,,,,,,,,,
305,0,1,,,,,,,,,
306,0,1,,,,,,,,,
307,0,1,,,,,,,,,
308,0,1,,,,,,,,,
309,0,1,,,,,,,,,
310,0,1,,,,,,,,,
311,0,1,,,,,,,,,
312,0,1,,,,,,,,,
313,0,1,,,,,,,,,
314,0,1,,,,,,,,,
315,0,1,,,,,,,,,
316,0,1,,,,,,,,,
317,0,1,,,,,,,,,
318,0,1,,,,,,,,,
319,0,1,,,,,,,,,
320,0,1,,,,,,,,,
321,0,1,,,,,,,,,
322,0,1,,,,,,,,,
323,0,1,,,,,,,,,
324,0,1,,,,,,,,,
325,0,1,,,,,,,,,
326,0,1,,,,,,,,,
327,0,1,,,,,,,,,
328,0,1,,,,,,,,,
329,0,1,,,,,,,,,
330,0,1,,,,,,,,,
331,0,1,,,,,,,,,
332,0,1,,,,,,,,,
333,0,1,,,,,,,,,
334,0,1,,,,,,,,,
335,0,1,,,,,,,,,
336,0,1,,,,,,,,,
337,0,1,,,,,,,,,
338,0,1,,,,,,,,,
339,0,1,,,,,,,,,
340,0,1,,,,,,,,,
341,0,1,,,,,,,,,
342,0,1,,,,,,,,,
343,0,1,,,,,,,,,
344,0,1,,,,,,,,,
345,0,1,,,,,,,,,
346,0,1,,,,,,,,,
347,0,1,,,,,,,,,
348,0,1,,,,,,,,,
349,0,1,,,,,,,,,
350,1,1,[129.682   0.    150.092  11.304],,,,,,,,
351,0,1,,,,,,,,,
352,0,1,,,,,,,,,
353,0,1,,,,,,,,,
354,2,1,[46.158 40.506 59.66  52.752],,,,,,,,
355,0,1,,,,,,,,,
356,0,1,,,,,,,,,
357,0,1,,,,,,,,,
358,0,1,,,,,,,,,
359,1,1,[ 33.284 121.204  48.356 132.194],,,,,,,,
360,1,1,[124.972 127.798 131.252 142.556],,,,,,,,
361,1,1,[ 48.67  137.218  57.776 151.662],,,,,,,,
362,1,1,[ 0.    48.356 26.69  71.278],,,,,,,,
363,0,1,,,,,,,,,
364,0,1,,,,,,,,,
365,0,1,,,,,,,,,
366,0,1,,,,,,,,,
367,0,1,,,,,,,,,
368,0,1,,,,,,,,,
369,0,1,,,,,,,,,
370,0,1,,,,,,,,,
371,0,1,,,,,,,,,
372,0,1,,,,,,,,,
373,0,1,,,,,,,,,
374,0,1,,,,,,,,,
375,0,1,,,,,,,,,
376,0,1,,,,,,,,,
377,0,1,,,,,,,,,
378,0,1,,,,,,,,,
379,0,1,,,,,,,,,
380,0,1,,,,,,,,,
381,0,1,,,,,,,,,
382,0,1,,,,,,,,,
383,0,1,,,,,,,,,
384,0,1,,,,,,,,,
385,0,1,,,,,,,,,
386,0,1,,,,,,,,,
387,0,1,,,,,,,,,
388,0,1,,,,,,,,,
389,0,1,,,,,,,,,
390,0,1,,,,,,,,,
391,0,1,,,,,,,,,
392,0,1,,,,,,,,,
393,0,1,,,,,,,,,
394,0,1,,,,,,,,,
395,0,1,,,,,,,,,
396,0,1,,,,,,,,,
397,0,1,,,,,,,,,
398,0,1,,,,,,,,,
399,0,1,,,,,,,,,
400,0,1,,,,,,,,,
401,0,1,,,,,,,,,
402,0,1,,,,,,,,,
403,0,1,,,,,,,,,
404,0,1,,,,,,,,,
405,0,1,,,,,,,,,
406,0,1,,,,,,,,,
407,0,1,,,,,,,,,
408,0,1,,,,,,,,,
409,0,1,,,,,,,,,
410,0,1,,,,,,,,,
411,0,1,,,,,,,,,
412,0,1,,,,,,,,,
413,0,1,,,,,,,,,
414,0,1,,,,,,,,,
415,0,1,,,,,,,,,
416,0,1,,,,,,,,,
417,0,1,,,,,,,,,
418,0,1,,,,,,,,,
419,0,1,,,,,,,,,
420,1,1,[121.518  81.326 129.996  90.118],,,,,,,,
421,1,1,[33.284 16.014 48.356 24.806],,,,,,,,
422,1,1,[61.858  9.106 70.022 20.41 ],,,,,,,,
423,0,1,,,,,,,,,
424,0,1,,,,,,,,,
425,0,1,,,,,,,,,
426,0,1,,,,,,,,,
427,3,1,[139.416  99.852 154.488 107.388],[152.29  129.054 157.    135.648],,,,,,,
428,0,1,,,,,,,,,
429,0,1,,,,,,,,,
430,1,1,[17.27  32.342 29.516 40.192],,,,,,,,
431,0,1,,,,,,,,,
432,0,1,,,,,,,,,
433,0,1,,,,,,,,,
434,0,1,,,,,,,,,
435,0,1,,,,,,,,,
436,0,1,,,,,,,,,
437,0,1,,,,,,,,,
438,0,1,,,,,,,,,
439,0,1,,,,,,,,,
440,0,1,,,,,,,,,
441,0,1,,,,,,,,,
442,0,1,,,,,,,,,
443,0,1,,,,,,,,,
444,0,1,,,,,,,,,
445,0,1,,,,,,,,,
446,0,1,,,,,,,,,
447,0,1,,,,,,,,,
448,0,1,,,,,,,,,
449,0,1,,,,,,,,,
450,0,1,,,,,,,,,
451,0,1,,,,,,,,,
452,0,1,,,,,,,,,
453,0,1,,,,,,,,,
454,0,1,,,,,,,,,
455,0,1,,,,,,,,,
456,0,1,,,,,,,,,
457,0,1,,,,,,,,,
458,0,1,,,,,,,,,
459,0,1,,,,,,,,,
460,0,1,,,,,,,,,
461,0,1,,,,,,,,,
462,0,1,,,,,,,,,
463,0,1,,,,,,,,,
464,0,1,,,,,,,,,
465,0,1,,,,,,,,,
466,0,1,,,,,,,,,
467,0,1,,,,,,,,,
468,0,1,,,,,,,,,
469,0,1,,,,,,,,,
470,0,1,,,,,,,,,
471,0,1,,,,,,,,,
472,0,1,,,,,,,,,
473,0,1,,,,,,,,,
474,0,1,,,,,,,,,
475,0,1,,,,,,,,,
476,0,1,,,,,,,,,
477,0,1,,,,,,,,,
478,0,1,,,,,,,,,
479,0,1,,,,,,,,,
480,0,1,,,,,,,,,
481,0,1,,,,,,,,,
482,0,1,,,,,,,,,
483,0,1,,,,,,,,,
484,0,1,,,,,,,,,
485,0,1,,,,,,,,,
486,0,1,,,,,,,,,
487,0,1,,,,,,,,,
488,0,1,,,,,,,,,
489,0,1,,,,,,,,,
490,0,1,,,,,,,,,
491,0,1,,,,,,,,,
492,0,1,,,,,,,,,
493,0,1,,,,,,,,,
494,0,1,,,,,,,,,
495,0,1,,,,,,,,,
496,0,1,,,,,,,,,
497,1,1,[48.984 67.824 58.404 74.732],,,,,,,,
498,0,1,,,,,,,,,
499,0,1,,,,,,,,,
500,0,1,,,,,,,,,
501,0,1,,,,,,,,,
502,0,1,,,,,,,,,
503,0,1,,,,,,,,,
504,0,1,,,,,,,,,
505,0,1,,,,,,,,,
506,0,1,,,,,,,,,
507,0,1,,,,,,,,,
508,0,1,,,,,,,,,
509,0,1,,,,,,,,,
510,0,1,,,,,,,,,
511,0,1,,,,,,,,,
512,0,1,,,,,,,,,
513,0,1,,,,,,,,,
514,0,1,,,,,,,,,
515,0,1,,,,,,,,,
516,0,1,,,,,,,,,
517,0,1,,,,,,,,,
518,0,1,,,,,,,,,
519,0,1,,,,,,,,,
520,0,1,,,,,,,,,
521,0,1,,,,,,,,,
522,0,1,,,,,,,,,
523,0,1,,,,,,,,,
524,0,1,,,,,,,,,
525,0,1,,,,,,,,,
526,0,1,,,,,,,,,
527,0,1,,,,,,,,,
528,0,1,,,,,,,,,
529,0,1,,,,,,,,,
530,0,1,,,,,,,,,
531,0,1,,,,,,,,,
532,0,1,,,,,,,,,
533,0,1,,,,,,,,,
534,0,1,,,,,,,,,
535,0,1,,,,,,,,,
536,0,1,,,,,,,,,
537,0,1,,,,,,,,,
538,0,1,,,,,,,,,
539,0,1,,,,,,,,,
540,0,1,,,,,,,,,
541,0,1,,,,,,,,,
542,0,1,,,,,,,,,
543,0,1,,,,,,,,,
544,0,1,,,,,,,,,
545,0,1,,,,,,,,,
546,0,1,,,,,,,,,
547,0,1,,,,,,,,,
548,0,1,,,,,,,,,
549,0,1,,,,,,,,,
550,0,1,,,,,,,,,
551,0,1,,,,,,,,,
552,0,1,,,,,,,,,
553,0,1,,,,,,,,,
554,0,1,,,,,,,,,
555,0,1,,,,,,,,,
556,0,1,,,,,,,,,
557,0,1,,,,,,,,,
558,0,1,,,,,,,,,
559,0,1,,,,,,,,,
560,1,1,[121.204  46.786 134.392  57.148],,,,,,,,
561,0,1,,,,,,,,,
562,0,1,,,,,,,,,
563,0,1,,,,,,,,,
564,0,1,,,,,,,,,
565,0,1,,,,,,,,,
566,0,1,,,,,,,,,
567,1,1,[20.41  81.326 29.202 89.804],,,,,,,,
568,1,1,[86.036 63.742 98.596 73.476],,,,,,,,
569,0,1,,,,,,,,,
570,0,1,,,,,,,,,
571,1,1,[ 29.516 137.532  51.81  157.   ],,,,,,,,
572,1,1,[82.582  5.652 99.538 18.526],,,,,,,,
573,0,1,,,,,,,,,
574,0,1,,,,,,,,,
575,0,1,,,,,,,,,
576,0,1,,,,,,,,,
577,0,1,,,,,,,,,
578,0,1,,,,,,,,,
579,0,1,,,,,,,,,
580,0,1,,,,,,,,,
581,0,1,,,,,,,,,
582,0,1,,,,,,,,,
583,0,1,,,,,,,,,
584,0,1,,,,,,,,,
585,0,1,,,,,,,,,
586,0,1,,,,,,,,,
587,0,1,,,,,,,,,
588,0,1,,,,,,,,,
589,0,1,,,,,,,,,
590,0,1,,,,,,,,,
591,0,1,,,,,,,,,
592,0,1,,,,,,,,,
593,0,1,,,,,,,,,
594,0,1,,,,,,,,,
595,0,1,,,,,,,,,
596,0,1,,,,,,,,,
597,0,1,,,,,,,,,
598,0,1,,,,,,,,,
599,0,1,,,,,,,,,
600,0,1,,,,,,,,,
601,0,1,,,,,,,,,
602,0,1,,,,,,,,,
603,0,1,,,,,,,,,
604,0,1,,,,,,,,,
605,0,1,,,,,,,,,
606,0,1,,,,,,,,,
607,0,1,,,,,,,,,
608,0,1,,,,,,,,,
609,0,1,,,,,,,,,
610,0,1,,,,,,,,,
611,0,1,,,,,,,,,
612,0,1,,,,,,,,,
613,0,1,,,,,,,,,
614,0,1,,,,,,,,,
615,0,1,,,,,,,,,
616,0,1,,,,,,,,,
617,0,1,,,,,,,,,
618,0,1,,,,,,,,,
619,0,1,,,,,,,,,
620,0,1,,,,,,,,,
621,0,1,,,,,,,,,
622,0,1,,,,,,,,,
623,0,1,,,,,,,,,
624,0,1,,,,,,,,,
625,0,1,,,,,,,,,
626,0,1,,,,,,,,,
627,0,1,,,,,,,,,
628,0,1,,,,,,,,,
629,0,1,,,,,,,,,
630,1,1,[ 0.    51.182  6.908 56.52 ],,,,,,,,
631,0,1,,,,,,,,,
632,0,1,,,,,,,,,
633,0,1,,,,,,,,,
634,0,1,,,,,,,,,
635,0,1,,,,,,,,,
636,0,1,,,,,,,,,
637,1,1,[ 59.346 112.726  69.708 122.146],,,,,,,,
638,1,1,[ 83.838 128.426  98.596 141.3  ],,,,,,,,
639,2,1,[ 28.574 137.846  46.472 155.43 ],,,,,,,,
640,0,1,,,,,,,,,
641,0,1,,,,,,,,,
642,0,1,,,,,,,,,
643,0,1,,,,,,,,,
644,0,1,,,,,,,,,
645,0,1,,,,,,,,,
646,0,1,,,,,,,,,
647,0,1,,,,,,,,,
648,0,1,,,,,,,,,
649,0,1,,,,,,,,,
650,0,1,,,,,,,,,
651,0,1,,,,,,,,,
652,0,1,,,,,,,,,
653,0,1,,,,,,,,,
654,0,1,,,,,,,,,
655,0,1,,,,,,,,,
656,0,1,,,,,,,,,
657,0,1,,,,,,,,,
658,0,1,,,,,,,,,
659,0,1,,,,,,,,,
660,0,1,,,,,,,,,
661,0,1,,,,,,,,,
662,0,1,,,,,,,,,
663,0,1,,,,,,,,,
664,0,1,,,,,,,,,
665,0,1,,,,,,,,,
666,0,1,,,,,,,,,
667,0,1,,,,,,,,,
668,0,1,,,,,,,,,
669,0,1,,,,,,,,,
670,0,1,,,,,,,,,
671,0,1,,,,,,,,,
672,0,1,,,,,,,,,
673,0,1,,,,,,,,,
674,0,1,,,,,,,,,
675,0,1,,,,,,,,,
676,0,1,,,,,,,,,
677,0,1,,,,,,,,,
678,0,1,,,,,,,,,
679,0,1,,,,,,,,,
680,0,1,,,,,,,,,
681,0,1,,,,,,,,,
682,0,1,,,,,,,,,
683,0,1,,,,,,,,,
684,0,1,,,,,,,,,
685,0,1,,,,,,,,,
686,0,1,,,,,,,,,
687,0,1,,,,,,,,,
688,0,1,,,,,,,,,
689,0,1,,,,,,,,,
690,0,1,,,,,,,,,
691,0,1,,,,,,,,,
692,0,1,,,,,,,,,
693,0,1,,,,,,,,,
694,0,1,,,,,,,,,
695,0,1,,,,,,,,,
696,0,1,,,,,,,,,
697,0,1,,,,,,,,,
698,0,1,,,,,,,,,
699,0,1,,,,,,,,,
700,0,1,,,,,,,,,
701,0,1,,,,,,,,,
702,0,1,,,,,,,,,
703,2,1,[76.93  43.332 97.654 60.288],,,,,,,,
704,0,1,,,,,,,,,
705,1,1,[141.614 132.194 157.    151.034],,,,,,,,
706,0,1,,,,,,,,,
707,0,1,,,,,,,,,
708,0,1,,,,,,,,,
709,1,1,[ 89.49   31.4   104.876  47.1  ],,,,,,,,
710,0,1,,,,,,,,,
711,0,1,,,,,,,,,
712,0,1,,,,,,,,,
713,0,1,,,,,,,,,
714,0,1,,,,,,,,,
715,0,1,,,,,,,,,
716,0,1,,,,,,,,,
717,0,1,,,,,,,,,
718,0,1,,,,,,,,,
719,0,1,,,,,,,,,
720,0,1,,,,,,,,,
721,0,1,,,,,,,,,
722,0,1,,,,,,,,,
723,0,1,,,,,,,,,
724,0,1,,,,,,,,,
725,0,1,,,,,,,,,
726,0,1,,,,,,,,,
727,0,1,,,,,,,,,
728,0,1,,,,,,,,,
729,0,1,,,,,,,,,
730,0,1,,,,,,,,,
731,0,1,,,,,,,,,
732,0,1,,,,,,,,,
733,0,1,,,,,,,,,
734,0,1,,,,,,,,,
735,0,1,,,,,,,,,
736,0,1,,,,,,,,,
737,0,1,,,,,,,,,
738,0,1,,,,,,,,,
739,0,1,,,,,,,,,
740,0,1,,,,,,,,,
741,0,1,,,,,,,,,
742,0,1,,,,,,,,,
743,0,1,,,,,,,,,
744,0,1,,,,,,,,,
745,0,1,,,,,,,,,
746,0,1,,,,,,,,,
747,0,1,,,,,,,,,
748,0,1,,,,,,,,,
749,0,1,,,,,,,,,
750,0,1,,,,,,,,,
751,0,1,,,,,,,,,
752,0,1,,,,,,,,,
753,0,1,,,,,,,,,
754,0,1,,,,,,,,,
755,0,1,,,,,,,,,
756,0,1,,,,,,,,,
757,0,1,,,,,,,,,
758,0,1,,,,,,,,,
759,0,1,,,,,,,,,
760,0,1,,,,,,,,,
761,0,1,,,,,,,,,
762,0,1,,,,,,,,,
763,0,1,,,,,,,,,
764,0,1,,,,,,,,,
765,0,1,,,,,,,,,
766,0,1,,,,,,,,,
767,0,1,,,,,,,,,
768,0,1,,,,,,,,,
769,0,1,,,,,,,,,
770,0,1,,,,,,,,,
771,1,1,[ 87.292 128.74   95.142 135.962],,,,,,,,
772,0,1,,,,,,,,,
773,0,1,,,,,,,,,
774,0,1,,,,,,,,,
775,2,1,[35.796 82.268 42.39  95.77 ],,,,,,,,
776,1,1,[ 7.222  3.768 20.41  18.526],,,,,,,,
777,1,1,[122.774  79.128 130.31   87.292],,,,,,,,
778,0,1,,,,,,,,,
779,0,1,,,,,,,,,
780,0,1,,,,,,,,,
781,0,1,,,,,,,,,
782,0,1,,,,,,,,,
783,0,1,,,,,,,,,
784,0,1,,,,,,,,,
785,0,1,,,,,,,,,
786,0,1,,,,,,,,,
787,0,1,,,,,,,,,
788,0,1,,,,,,,,,
789,0,1,,,,,,,,,
790,0,1,,,,,,,,,
791,0,1,,,,,,,,,
792,0,1,,,,,,,,,
793,0,1,,,,,,,,,
794,0,1,,,,,,,,,
795,0,1,,,,,,,,,
796,0,1,,,,,,,,,
797,0,1,,,,,,,,,
798,0,1,,,,,,,,,
799,0,1,,,,,,,,,
800,0,1,,,,,,,,,
801,0,1,,,,,,,,,
802,0,1,,,,,,,,,
803,0,1,,,,,,,,,
804,0,1,,,,,,,,,
805,0,1,,,,,,,,,
806,0,1,,,,,,,,,
807,0,1,,,,,,,,,
808,0,1,,,,,,,,,
809,0,1,,,,,,,,,
810,0,1,,,,,,,,,
811,0,1,,,,,,,,,
812,0,1,,,,,,,,,
813,0,1,,,,,,,,,
814,0,1,,,,,,,,,
815,0,1,,,,,,,,,
816,0,1,,,,,,,,,
817,0,1,,,,,,,,,
818,0,1,,,,,,,,,
819,0,1,,,,,,,,,
820,0,1,,,,,,,,,
821,0,1,,,,,,,,,
822,0,1,,,,,,,,,
823,0,1,,,,,,,,,
824,0,1,,,,,,,,,
825,0,1,,,,,,,,,
826,0,1,,,,,,,,,
827,0,1,,,,,,,,,
828,0,1,,,,,,,,,
829,0,1,,,,,,,,,
830,0,1,,,,,,,,,
831,0,1,,,,,,,,,
832,0,1,,,,,,,,,
833,0,1,,,,,,,,,
834,0,1,,,,,,,,,
835,0,1,,,,,,,,,
836,0,1,,,,,,,,,
837,0,1,,,,,,,,,
838,0,1,,,,,,,,,
839,0,1,,,,,,,,,
840,3,1,[100.794 111.784 112.726 123.402],[129.054 118.378 136.59  126.228],,,,,,,
841,0,1,,,,,,,,,
842,0,1,,,,,,,,,
843,1,1,[122.774  34.854 130.31   41.762],,,,,,,,
844,0,1,,,,,,,,,
845,0,1,,,,,,,,,
846,0,1,,,,,,,,,
847,0,1,,,,,,,,,
848,0,1,,,,,,,,,
849,0,1,,,,,,,,,
850,0,1,,,,,,,,,
851,0,1,,,,,,,,,
852,0,1,,,,,,,,,
853,0,1,,,,,,,,,
854,0,1,,,,,,,,,
855,0,1,,,,,,,,,
856,0,1,,,,,,,,,
857,0,1,,,,,,,,,
858,0,1,,,,,,,,,
859,0,1,,,,,,,,,
860,0,1,,,,,,,,,
861,0,1,,,,,,,,,
862,0,1,,,,,,,,,
863,0,1,,,,,,,,,
864,0,1,,,,,,,,,
865,0,1,,,,,,,,,
866,0,1,,,,,,,,,
867,0,1,,,,,,,,,
868,0,1,,,,,,,,,
869,0,1,,,,,,,,,
870,0,1,,,,,,,,,
871,0,1,,,,,,,,,
872,0,1,,,,,,,,,
873,0,1,,,,,,,,,
874,0,1,,,,,,,,,
875,0,1,,,,,,,,,
876,0,1,,,,,,,,,
877,0,1,,,,,,,,,
878,0,1,,,,,,,,,
879,0,1,,,,,,,,,
880,0,1,,,,,,,,,
881,0,1,,,,,,,,,
882,0,1,,,,,,,,,
883,0,1,,,,,,,,,
884,0,1,,,,,,,,,
885,0,1,,,,,,,,,
886,0,1,,,,,,,,,
887,0,1,,,,,,,,,
888,0,1,,,,,,,,,
889,0,1,,,,,,,,,
890,0,1,,,,,,,,,
891,0,1,,,,,,,,,
892,0,1,,,,,,,,,
893,0,1,,,,,,,,,
894,0,1,,,,,,,,,
895,0,1,,,,,,,,,
896,0,1,,,,,,,,,
897,0,1,,,,,,,,,
898,0,1,,,,,,,,,
899,0,1,,,,,,,,,
900,0,1,,,,,,,,,
901,0,1,,,,,,,,,
902,0,1,,,,,,,,,
903,0,1,,,,,,,,,
904,0,1,,,,,,,,,
905,0,1,,,,,,,,,
906,0,1,,,,,,,,,
907,0,1,,,,,,,,,
908,0,1,,,,,,,,,
909,0,1,,,,,,,,,
910,0,1,,,,,,,,,
911,1,1,[ 39.564 108.33   48.67  124.344],,,,,,,,
912,1,1,[ 54.008 113.982  67.196 129.682],,,,,,,,
913,0,1,,,,,,,,,
914,0,1,,,,,,,,,
915,1,1,[151.976   5.652 157.     19.782],,,,,,,,
916,1,1,[35.482 40.506 55.892 61.544],,,,,,,,
917,0,1,,,,,,,,,
918,0,1,,,,,,,,,
919,0,1,,,,,,,,,
920,0,1,,,,,,,,,
921,0,1,,,,,,,,,
922,0,1,,,,,,,,,
923,0,1,,,,,,,,,
924,0,1,,,,,,,,,
925,0,1,,,,,,,,,
926,0,1,,,,,,,,,
927,0,1,,,,,,,,,
928,0,1,,,,,,,,,
929,0,1,,,,,,,,,
930,0,1,,,,,,,,,
931,0,1,,,,,,,,,
932,0,1,,,,,,,,,
933,0,1,,,,,,,,,
934,0,1,,,,,,,,,
935,0,1,,,,,,,,,
936,0,1,,,,,,,,,
937,0,1,,,,,,,,,
938,0,1,,,,,,,,,
939,0,1,,,,,,,,,
940,0,1,,,,,,,,,
941,0,1,,,,,,,,,
942,0,1,,,,,,,,,
943,0,1,,,,,,,,,
944,0,1,,,,,,,,,
945,0,1,,,,,,,,,
946,0,1,,,,,,,,,
947,0,1,,,,,,,,,
948,0,1,,,,,,,,,
949,0,1,,,,,,,,,
950,0,1,,,,,,,,,
951,0,1,,,,,,,,,
952,0,1,,,,,,,,,
953,0,1,,,,,,,,,
954,0,1,,,,,,,,,
955,0,1,,,,,,,,,
956,0,1,,,,,,,,,
957,0,1,,,,,,,,,
958,0,1,,,,,,,,,
959,0,1,,,,,,,,,
960,0,1,,,,,,,,,
961,0,1,,,,,,,,,
962,0,1,,,,,,,,,
963,0,1,,,,,,,,,
964,0,1,,,,,,,,,
965,0,1,,,,,,,,,
966,0,1,,,,,,,,,
967,0,1,,,,,,,,,
968,0,1,,,,,,,,,
969,0,1,,,,,,,,,
970,0,1,,,,,,,,,
971,0,1,,,,,,,,,
972,0,1,,,,,,,,,
973,0,1,,,,,,,,,
974,0,1,,,,,,,,,
975,0,1,,,,,,,,,
976,0,1,,,,,,,,,
977,0,1,,,,,,,,,
978,0,1,,,,,,,,,
979,0,1,,,,,,,,,
980,0,1,,,,,,,,,
981,0,1,,,,,,,,,
982,1,1,[ 37.366 130.938  46.786 138.788],,,,,,,,
983,1,1,[65.94  69.708 74.418 78.186],,,,,,,,
984,0,1,,,,,,,,,
985,0,1,,,,,,,,,
986,0,1,,,,,,,,,
987,0,1,,,,,,,,,
988,0,1,,,,,,,,,
989,0,1,,,,,,,,,
990,0,1,,,,,,,,,
991,0,1,,,,,,,,,
992,0,1,,,,,,,,,
993,0,1,,,,,,,,,
994,0,1,,,,,,,,,
995,0,1,,,,,,,,,
996,0,1,,,,,,,,,
997,0,1,,,,,,,,,
998,0,1,,,,,,,,,
999,0,1,,,,,,,,,
1000,0,1,,,,,,,,,
1001,0,1,,,,,,,,,
1002,0,1,,,,,,,,,
1003,0,1,,,,,,,,,
1004,0,1,,,,,,,,,
1005,0,1,,,,,,,,,
1006,0,1,,,,,,,,,
1007,0,1,,,,,,,,,
1008,0,1,,,,,,,,,
1009,0,1,,,,,,,,,
1010,0,1,,,,,,,,,
1011,0,1,,,,,,,,,
1012,0,1,,,,,,,,,
1013,0,1,,,,,,,,,
1014,0,1,,,,,,,,,
1015,0,1,,,,,,,,,
1016,0,1,,,,,,,,,
1017,0,1,,,,,,,,,
1018,0,1,,,,,,,,,
1019,0,1,,,,,,,,,
1020,0,1,,,,,,,,,
1021,0,1,,,,,,,,,
1022,0,1,,,,,,,,,
1023,0,1,,,,,,,,,
1024,0,1,,,,,,,,,
1025,0,1,,,,,,,,,
1026,0,1,,,,,,,,,
1027,0,1,,,,,,,,,
1028,0,1,,,,,,,,,
1029,0,1,,,,,,,,,
1030,0,1,,,,,,,,,
1031,0,1,,,,,,,,,
1032,0,1,,,,,,,,,
1033,0,1,,,,,,,,,
1034,0,1,,,,,,,,,
1035,0,1,,,,,,,,,
1036,0,1,,,,,,,,,
1037,0,1,,,,,,,,,
1038,0,1,,,,,,,,,
1039,0,1,,,,,,,,,
1040,0,1,,,,,,,,,
1041,0,1,,,,,,,,,
1042,0,1,,,,,,,,,
1043,0,1,,,,,,,,,
1044,0,1,,,,,,,,,
1045,0,1,,,,,,,,,
1046,0,1,,,,,,,,,
1047,0,1,,,,,,,,,
1048,0,1,,,,,,,,,
1049,0,1,,,,,,,,,
1050,0,1,,,,,,,,,
1051,0,1,,,,,,,,,
1052,0,1,,,,,,,,,
1053,1,1,[53.38   0.    69.708 14.758],,,,,,,,
1054,0,1,,,,,,,,,
1055,0,1,,,,,,,,,
1056,0,1,,,,,,,,,
1057,0,1,,,,,,,,,
1058,0,1,,,,,,,,,
1059,0,1,,,,,,,,,
1060,0,1,,,,,,,,,
1061,0,1,,,,,,,,,
1062,0,1,,,,,,,,,
1063,0,1,,,,,,,,,
1064,0,1,,,,,,,,,
1065,0,1,,,,,,,,,
1066,0,1,,,,,,,,,
1067,0,1,,,,,,,,,
1068,0,1,,,,,,,,,
1069,0,1,,,,,,,,,
1070,0,1,,,,,,,,,
1071,0,1,,,,,,,,,
1072,0,1,,,,,,,,,
1073,0,1,,,,,,,,,
1074,0,1,,,,,,,,,
1075,0,1,,,,,,,,,
1076,0,1,,,,,,,,,
1077,0,1,,,,,,,,,
1078,0,1,,,,,,,,,
1079,0,1,,,,,,,,,
1080,0,1,,,,,,,,,
1081,0,1,,,,,,,,,
1082,0,1,,,,,,,,,
1083,0,1,,,,,,,,,
1084,0,1,,,,,,,,,
1085,0,1,,,,,,,,,
1086,0,1,,,,,,,,,
1087,0,1,,,,,,,,,
1088,0,1,,,,,,,,,
1089,0,1,,,,,,,,,
1090,0,1,,,,,,,,,
1091,0,1,,,,,,,,,
1092,0,1,,,,,,,,,
1093,0,1,,,,,,,,,
1094,0,1,,,,,,,,,
1095,0,1,,,,,,,,,
1096,0,1,,,,,,,,,
1097,0,1,,,,,,,,,
1098,0,1,,,,,,,,,
1099,0,1,,,,,,,,,
1100,0,1,,,,,,,,,
1101,0,1,,,,,,,,,
1102,0,1,,,,,,,,,
1103,0,1,,,,,,,,,
1104,0,1,,,,,,,,,
1105,0,1,,,,,,,,,
1106,0,1,,,,,,,,,
1107,0,1,,,,,,,,,
1108,0,1,,,,,,,,,
1109,0,1,,,,,,,,,
1110,0,1,,,,,,,,,
1111,0,1,,,,,,,,,
1112,0,1,,,,,,,,,
1113,0,1,,,,,,,,,
1114,0,1,,,,,,,,,
1115,0,1,,,,,,,,,
1116,0,1,,,,,,,,,
1117,0,1,,,,,,,,,
1118,0,1,,,,,,,,,
1119,0,1,,,,,,,,,
1120,0,1,,,,,,,,,
1121,0,1,,,,,,,,,
1122,0,1,,,,,,,,,
1123,0,1,,,,,,,,,
1124,0,1,,,,,,,,,
1125,0,1,,,,,,,,,
1126,0,1,,,,,,,,,
1127,0,1,,,,,,,,,
1128,0,1,,,,,,,,,
1129,0,1,,,,,,,,,
1130,0,1,,,,,,,,,
1131,0,1,,,,,,,,,
1132,0,1,,,,,,,,,
1133,0,1,,,,,,,,,
1134,0,1,,,,,,,,,
1135,0,1,,,,,,,,,
1136,0,1,,,,,,,,,
1137,0,1,,,,,,,,,
1138,0,1,,,,,,,,,
1139,0,1,,,,,,,,,
1140,0,1,,,,,,,,,
1141,0,1,,,,,,,,,
1142,0,1,,,,,,,,,
1143,0,1,,,,,,,,,
1144,0,1,,,,,,,,,
1145,0,1,,,,,,,,,
1146,0,1,,,,,,,,,
1147,0,1,,,,,,,,,
1148,0,1,,,,,,,,,
1149,0,1,,,,,,,,,
1150,0,1,,,,,,,,,
1151,0,1,,,,,,,,,
1152,0,1,,,,,,,,,
1153,0,1,,,,,,,,,
1154,0,1,,,,,,,,,
1155,0,1,,,,,,,,,
1156,0,1,,,,,,,,,
1157,0,1,,,,,,,,,
1158,0,1,,,,,,,,,
1159,0,1,,,,,,,,,
1160,0,1,,,,,,,,,
1161,0,1,,,,,,,,,
1162,0,1,,,,,,,,,
1163,0,1,,,,,,,,,
1164,0,1,,,,,,,,,
1165,0,1,,,,,,,,,
1166,0,1,,,,,,,,,
1167,0,1,,,,,,,,,
1168,0,1,,,,,,,,,
1169,0,1,,,,,,,,,
1170,0,1,,,,,,,,,
1171,0,1,,,,,,,,,
1172,0,1,,,,,,,,,
1173,0,1,,,,,,,,,
1174,0,1,,,,,,,,,
1175,0,1,,,,,,,,,
1176,0,1,,,,,,,,,
1177,0,1,,,,,,,,,
1178,0,1,,,,,,,,,
1179,0,1,,,,,,,,,
1180,0,1,,,,,,,,,
1181,0,1,,,,,,,,,
1182,0,1,,,,,,,,,
1183,0,1,,,,,,,,,
1184,0,1,,,,,,,,,
1185,0,1,,,,,,,,,
1186,0,1,,,,,,,,,
1187,0,1,,,,,,,,,
1188,0,1,,,,,,,,,
1189,0,1,,,,,,,,,
1190,0,1,,,,,,,,,
1191,0,1,,,,,,,,,
1192,0,1,,,,,,,,,
1193,0,1,,,,,,,,,
1194,0,1,,,,,,,,,
1195,0,1,,,,,,,,,
1196,0,1,,,,,,,,,
1197,0,1,,,,,,,,,
1198,0,1,,,,,,,,,
1199,0,1,,,,,,,,,
1200,0,1,,,,,,,,,
1201,0,1,,,,,,,,,
1202,0,1,,,,,,,,,
1203,0,1,,,,,,,,,
1204,0,1,,,,,,,,,
1205,0,1,,,,,,,,,
1206,0,1,,,,,,,,,
1207,0,1,,,,,,,,,
1208,0,1,,,,,,,,,
1209,0,1,,,,,,,,,
1210,0,1,,,,,,,,,
1211,0,1,,,,,,,,,
1212,0,1,,,,,,,,,
1213,0,1,,,,,,,,,
1214,0,1,,,,,,,,,
1215,0,1,,,,,,,,,
1216,0,1,,,,,,,,,
1217,0,1,,,,,,,,,
1218,0,1,,,,,,,,,
1219,0,1,,,,,,,,,
1220,0,1,,,,,,,,,
1221,0,1,,,,,,,,,
1222,0,1,,,,,,,,,
1223,0,1,,,,,,,,,
1224,0,1,,,,,,,,,
1225,0,1,,,,,,,,,
1226,0,1,,,,,,,,,
1227,0,1,,,,,,,,,
1228,0,1,,,,,,,,,
1229,0,1,,,,,,,,,
1230,0,1,,,,,,,,,
1231,0,1,,,,,,,,,
1232,0,1,,,,,,,,,
1233,0,1,,,,,,,,,
1234,0,1,,,,,,,,,
1235,0,1,,,,,,,,,
1236,0,1,,,,,,,,,
1237,0,1,,,,,,,,,
1238,0,1,,,,,,,,,
1239,0,1,,,,,,,,,
1240,0,1,,,,,,,,,
1241,0,1,,,,,,,,,
1242,0,1,,,,,,,,,
1243,0,1,,,,,,,,,
1244,0,1,,,,,,,,,
1245,0,1,,,,,,,,,
1246,0,1,,,,,,,,,
1247,0,1,,,,,,,,,
1248,0,1,,,,,,,,,
1249,0,1,,,,,,,,,
1250,0,1,,,,,,,,,
1251,0,1,,,,,,,,,
1252,0,1,,,,,,,,,
1253,0,1,,,,,,,,,
1254,0,1,,,,,,,,,
1255,0,1,,,,,,,,,
1256,0,1,,,,,,,,,
1257,0,1,,,,,,,,,
1258,0,1,,,,,,,,,
1259,0,1,,,,,,,,,
1260,0,1,,,,,,,,,
1261,1,1,[146.638 152.918 156.686 157.   ],,,,,,,,
1262,0,1,,,,,,,,,
1263,0,1,,,,,,,,,
1264,0,1,,,,,,,,,
1265,0,1,,,,,,,,,
1266,0,1,,,,,,,,,
1267,0,1,,,,,,,,,
1268,0,1,,,,,,,,,
1269,0,1,,,,,,,,,
1270,0,1,,,,,,,,,
1271,0,1,,,,,,,,,
1272,0,1,,,,,,,,,
1273,0,1,,,,,,,,,
1274,0,1,,,,,,,,,
1275,0,1,,,,,,,,,
1276,0,1,,,,,,,,,
1277,0,1,,,,,,,,,
1278,0,1,,,,,,,,,
1279,0,1,,,,,,,,,
1280,0,1,,,,,,,,,
1281,0,1,,,,,,,,,
1282,1,1,[124.972  43.646 131.252  55.264],,,,,,,,
1283,0,1,,,,,,,,,
1284,0,1,,,,,,,,,
1285,0,1,,,,,,,,,
1286,0,1,,,,,,,,,
1287,0,1,,,,,,,,,
1288,0,1,,,,,,,,,
1289,0,1,,,,,,,,,
1290,0,1,,,,,,,,,
1291,0,1,,,,,,,,,
1292,0,1,,,,,,,,,
1293,0,1,,,,,,,,,
1294,0,1,,,,,,,,,
1295,0,1,,,,,,,,,
1296,0,1,,,,,,,,,
1297,0,1,,,,,,,,,
1298,0,1,,,,,,,,,
1299,0,1,,,,,,,,,
1300,0,1,,,,,,,,,
1301,0,1,,,,,,,,,
1302,0,1,,,,,,,,,
1303,0,1,,,,,,,,,
1304,0,1,,,,,,,,,
1305,0,1,,,,,,,,,
1306,0,1,,,,,,,,,
1307,0,1,,,,,,,,,
1308,0,1,,,,,,,,,
1309,0,1,,,,,,,,,
1310,0,1,,,,,,,,,
1311,0,1,,,,,,,,,
1312,0,1,,,,,,,,,
1313,0,1,,,,,,,,,
1314,0,1,,,,,,,,,
1315,0,1,,,,,,,,,
1316,0,1,,,,,,,,,
1317,0,1,,,,,,,,,
1318,0,1,,,,,,,,,
1319,0,1,,,,,,,,,
1320,0,1,,,,,,,,,
1321,0,1,,,,,,,,,
1322,0,1,,,,,,,,,
1323,0,1,,,,,,,,,
1324,0,1,,,,,,,,,
1325,0,1,,,,,,,,,
1326,0,1,,,,,,,,,
1327,0,1,,,,,,,,,
1328,0,1,,,,,,,,,
1329,0,1,,,,,,,,,
1330,0,1,,,,,,,,,
1331,0,1,,,,,,,,,
1332,0,1,,,,,,,,,
1333,0,1,,,,,,,,,
1334,0,1,,,,,,,,,
1335,0,1,,,,,,,,,
1336,0,1,,,,,,,,,
1337,0,1,,,,,,,,,
1338,0,1,,,,,,,,,
1339,0,1,,,,,,,,,
1340,0,1,,,,,,,,,
1341,0,1,,,,,,,,,
1342,0,1,,,,,,,,,
1343,0,1,,,,,,,,,
1344,0,1,,,,,,,,,
1345,0,1,,,,,,,,,
1346,0,1,,,,,,,,,
1347,0,1,,,,,,,,,
1348,0,1,,,,,,,,,
1349,0,1,,,,,,,,,
1350,0,1,,,,,,,,,
1351,0,1,,,,,,,,,
1352,0,1,,,,,,,,,
1353,1,1,[42.076 43.646 63.742 58.404],,,,,,,,
1354,1,1,[ 31.714 124.03   43.646 142.242],,,,,,,,
1355,0,1,,,,,,,,,
1356,0,1,,,,,,,,,
1357,0,1,,,,,,,,,
1358,0,1,,,,,,,,,
1359,0,1,,,,,,,,,
1360,0,1,,,,,,,,,
1361,0,1,,,,,,,,,
1362,0,1,,,,,,,,,
1363,0,1,,,,,,,,,
1364,2,1,[13.816 48.984 23.55  53.694],,,,,,,,
1365,0,1,,,,,,,,,
1366,0,1,,,,,,,,,
1367,0,1,,,,,,,,,
1368,0,1,,,,,,,,,
1369,0,1,,,,,,,,,
1370,0,1,,,,,,,,,
1371,0,1,,,,,,,,,
1372,0,1,,,,,,,,,
1373,0,1,,,,,,,,,
1374,0,1,,,,,,,,,
1375,0,1,,,,,,,,,
1376,0,1,,,,,,,,,
1377,0,1,,,,,,,,,
1378,0,1,,,,,,,,,
1379,0,1,,,,,,,,,
1380,0,1,,,,,,,,,
1381,0,1,,,,,,,,,
1382,0,1,,,,,,,,,
1383,0,1,,,,,,,,,
1384,0,1,,,,,,,,,
1385,0,1,,,,,,,,,
1386,0,1,,,,,,,,,
1387,0,1,,,,,,,,,
1388,0,1,,,,,,,,,
1389,0,1,,,,,,,,,
1390,0,1,,,,,,,,,
1391,0,1,,,,,,,,,
1392,0,1,,,,,,,,,
1393,0,1,,,,,,,,,
1394,0,1,,,,,,,,,
1395,0,1,,,,,,,,,
1396,0,1,,,,,,,,,
1397,0,1,,,,,,,,,
1398,0,1,,,,,,,,,
1399,0,1,,,,,,,,,
1400,0,1,,,,,,,,,
1401,0,1,,,,,,,,,
1402,0,1,,,,,,,,,
1403,0,1,,,,,,,,,
1404,0,1,,,,,,,,,
1405,0,1,,,,,,,,,
1406,0,1,,,,,,,,,
1407,0,1,,,,,,,,,
1408,0,1,,,,,,,,,
1409,0,1,,,,,,,,,
1410,0,1,,,,,,,,,
1411,0,1,,,,,,,,,
1412,0,1,,,,,,,,,
1413,0,1,,,,,,,,,
1414,0,1,,,,,,,,,
1415,0,1,,,,,,,,,
1416,0,1,,,,,,,,,
1417,0,1,,,,,,,,,
1418,0,1,,,,,,,,,
1419,0,1,,,,,,,,,
1420,0,1,,,,,,,,,
1421,0,1,,,,,,,,,
1422,0,1,,,,,,,,,
1423,0,1,,,,,,,,,
1424,1,1,[ 21.98   99.224  51.182 114.61 ],,,,,,,,
1425,1,1,[ 46.472 114.61   68.138 127.484],,,,,,,,
1426,0,1,,,,,,,,,
1427,1,1,[78.814 17.898 89.804 29.516],,,,,,,,
1428,0,1,,,,,,,,,
1429,0,1,,,,,,,,,
1430,0,1,,,,,,,,,
1431,0,1,,,,,,,,,
1432,0,1,,,,,,,,,
1433,0,1,,,,,,,,,
1434,1,1,[ 97.026  38.936 119.634  61.858],,,,,,,,
1435,0,1,,,,,,,,,
1436,0,1,,,,,,,,,
1437,0,1,,,,,,,,,
1438,0,1,,,,,,,,,
1439,0,1,,,,,,,,,
1440,0,1,,,,,,,,,
1441,0,1,,,,,,,,,
1442,0,1,,,,,,,,,
1443,0,1,,,,,,,,,
1444,0,1,,,,,,,,,
1445,0,1,,,,,,,,,
1446,0,1,,,,,,,,,
1447,0,1,,,,,,,,,
1448,0,1,,,,,,,,,
1449,0,1,,,,,,,,,
1450,0,1,,,,,,,,,
1451,0,1,,,,,,,,,
1452,0,1,,,,,,,,,
1453,0,1,,,,,,,,,
1454,0,1,,,,,,,,,
1455,0,1,,,,,,,,,
1456,0,1,,,,,,,,,
1457,0,1,,,,,,,,,
1458,0,1,,,,,,,,,
1459,0,1,,,,,,,,,
1460,0,1,,,,,,,,,
1461,0,1,,,,,,,,,
1462,0,1,,,,,,,,,
1463,0,1,,,,,,,,,
1464,0,1,,,,,,,,,
1465,0,1,,,,,,,,,
1466,0,1,,,,,,,,,
1467,0,1,,,,,,,,,
1468,0,1,,,,,,,,,
1469,0,1,,,,,,,,,
1470,0,1,,,,,,,,,
1471,0,1,,,,,,,,,
1472,0,1,,,,,,,,,
1473,0,1,,,,,,,,,
1474,0,1,,,,,,,,,
1475,0,1,,,,,,,,,
1476,0,1,,,,,,,,,
1477,0,1,,,,,,,,,
1478,0,1,,,,,,,,,
1479,0,1,,,,,,,,,
1480,0,1,,,,,,,,,
1481,0,1,,,,,,,,,
1482,0,1,,,,,,,,,
1483,0,1,,,,,,,,,
1484,0,1,,,,,,,,,
1485,0,1,,,,,,,,,
1486,0,1,,,,,,,,,
1487,0,1,,,,,,,,,
1488,0,1,,,,,,,,,
1489,0,1,,,,,,,,,
1490,0,1,,,,,,,,,
1491,1,1,[ 63.742 133.764  76.302 155.43 ],,,,,,,,
1492,0,1,,,,,,,,,
1493,0,1,,,,,,,,,
1494,0,1,,,,,,,,,
1495,0,1,,,,,,,,,
1496,0,1,,,,,,,,,
1497,0,1,,,,,,,,,
1498,0,1,,,,,,,,,
1499,0,1,,,,,,,,,
1500,0,1,,,,,,,,,
1501,0,1,,,,,,,,,
1502,0,1,,,,,,,,,
1503,0,1,,,,,,,,,
1504,0,1,,,,,,,,,
1505,1,1,[ 91.374 129.682 111.156 142.87 ],,,,,,,,
1506,0,1,,,,,,,,,
1507,0,1,,,,,,,,,
1508,0,1,,,,,,,,,
1509,1,1,[ 31.086 109.272  41.762 116.18 ],,,,,,,,
1510,0,1,,,,,,,,,
1511,0,1,,,,,,,,,
1512,1,1,[83.21  64.684 86.35  65.94 ],,,,,,,,
1513,0,1,,,,,,,,,
1514,0,1,,,,,,,,,
1515,0,1,,,,,,,,,
1516,0,1,,,,,,,,,
1517,0,1,,,,,,,,,
1518,0,1,,,,,,,,,
1519,0,1,,,,,,,,,
1520,0,1,,,,,,,,,
1521,0,1,,,,,,,,,
1522,0,1,,,,,,,,,
1523,0,1,,,,,,,,,
1524,0,1,,,,,,,,,
1525,0,1,,,,,,,,,
1526,0,1,,,,,,,,,
1527,0,1,,,,,,,,,
1528,0,1,,,,,,,,,
1529,0,1,,,,,,,,,
1530,0,1,,,,,,,,,
1531,0,1,,,,,,,,,
1532,0,1,,,,,,,,,
1533,0,1,,,,,,,,,
1534,0,1,,,,,,,,,
1535,0,1,,,,,,,,,
1536,0,1,,,,,,,,,
1537,0,1,,,,,,,,,
1538,0,1,,,,,,,,,
1539,0,1,,,,,,,,,
1540,0,1,,,,,,,,,
1541,0,1,,,,,,,,,
1542,0,1,,,,,,,,,
1543,0,1,,,,,,,,,
1544,0,1,,,,,,,,,
1545,0,1,,,,,,,,,
1546,0,1,,,,,,,,,
1547,0,1,,,,,,,,,
1548,0,1,,,,,,,,,
1549,0,1,,,,,,,,,
1550,0,1,,,,,,,,,
1551,0,1,,,,,,,,,
1552,0,1,,,,,,,,,
1553,0,1,,,,,,,,,
1554,0,1,,,,,,,,,
1555,0,1,,,,,,,,,
1556,0,1,,,,,,,,,
1557,0,1,,,,,,,,,
1558,0,1,,,,,,,,,
1559,0,1,,,,,,,,,
1560,0,1,,,,,,,,,
1561,0,1,,,,,,,,,
1562,0,1,,,,,,,,,
1563,0,1,,,,,,,,,
1564,0,1,,,,,,,,,
1565,0,1,,,,,,,,,
1566,1,1,[145.068  90.432 155.744  99.538],,,,,,,,
1567,0,1,,,,,,,,,
1568,0,1,,,,,,,,,
1569,0,1,,,,,,,,,
1570,0,1,,,,,,,,,
1571,0,1,,,,,,,,,
1572,0,1,,,,,,,,,
1573,0,1,,,,,,,,,
1574,0,1,,,,,,,,,
1575,1,1,[136.276 143.184 157.    157.   ],,,,,,,,
1576,0,1,,,,,,,,,
1577,0,1,,,,,,,,,
1578,0,1,,,,,,,,,
1579,0,1,,,,,,,,,
1580,0,1,,,,,,,,,
1581,0,1,,,,,,,,,
1582,0,1,,,,,,,,,
1583,0,1,,,,,,,,,
1584,0,1,,,,,,,,,
1585,1,1,[138.16   57.462 146.952  67.196],,,,,,,,
1586,0,1,,,,,,,,,
1587,0,1,,,,,,,,,
1588,0,1,,,,,,,,,
1589,0,1,,,,,,,,,
1590,0,1,,,,,,,,,
1591,0,1,,,,,,,,,
1592,0,1,,,,,,,,,
1593,0,1,,,,,,,,,
1594,0,1,,,,,,,,,
1595,0,1,,,,,,,,,
1596,0,1,,,,,,,,,
1597,0,1,,,,,,,,,
1598,0,1,,,,,,,,,
1599,0,1,,,,,,,,,
1600,0,1,,,,,,,,,
1601,0,1,,,,,,,,,
1602,0,1,,,,,,,,,
1603,0,1,,,,,,,,,
1604,0,1,,,,,,,,,
1605,0,1,,,,,,,,,
1606,0,1,,,,,,,,,
1607,0,1,,,,,,,,,
1608,0,1,,,,,,,,,
1609,0,1,,,,,,,,,
